{"cameraMode":{"drawMode":0,"name":"Shaded","section":"Shading Mode"},"sceneLighting":false,"audioPlay":false,"sceneViewState":{"showFog":true,"showMaterialUpdate":false,"showSkybox":false,"showFlares":true,"showImageEffects":true,"showParticleSystems":true,"showVisualEffectGraphs":true,"m_FxEnabled":true},"in2DMode":false,"pivot":{"x":0.048807770013809207,"y":-0.4955974817276001,"z":1.0574036836624146},"rotation":{"x":-0.17778944969177247,"y":-0.027453996241092683,"z":0.004962654318660498,"w":-0.9836756587028503},"size":1.1954526901245118,"orthographic":false}