{"cameraMode":{"drawMode":0,"name":"Shaded","section":"Shading Mode"},"sceneLighting":true,"audioPlay":false,"sceneViewState":{"showFog":true,"showMaterialUpdate":false,"showSkybox":true,"showFlares":true,"showImageEffects":true,"showParticleSystems":true,"showVisualEffectGraphs":true,"m_FxEnabled":true},"in2DMode":false,"pivot":{"x":-0.8619797229766846,"y":0.9443556666374207,"z":0.11550283432006836},"rotation":{"x":-0.04814924672245979,"y":-0.25425460934638979,"z":0.012674401514232159,"w":-0.9658580422401428},"size":2.616365671157837,"orthographic":false}