{"cameraMode":{"drawMode":0,"name":"Shaded","section":"Shading Mode"},"sceneLighting":false,"audioPlay":false,"sceneViewState":{"showFog":true,"showMaterialUpdate":false,"showSkybox":false,"showFlares":true,"showImageEffects":true,"showParticleSystems":true,"showVisualEffectGraphs":true,"m_FxEnabled":true},"in2DMode":false,"pivot":{"x":-0.13574135303497315,"y":5.781838893890381,"z":0.48405027389526369},"rotation":{"x":-0.0011629272485151888,"y":-0.21402078866958619,"z":-0.00025506640668027103,"w":0.9768351316452026},"size":2.1866025924682619,"orthographic":false}