{"cameraMode":{"drawMode":0,"name":"Shaded","section":"Shading Mode"},"sceneLighting":false,"audioPlay":false,"sceneViewState":{"showFog":true,"showMaterialUpdate":false,"showSkybox":false,"showFlares":true,"showImageEffects":true,"showParticleSystems":true,"showVisualEffectGraphs":true,"m_FxEnabled":true},"in2DMode":false,"pivot":{"x":-0.02205115556716919,"y":-0.03383097052574158,"z":0.3139297366142273},"rotation":{"x":-0.06250512599945069,"y":-0.2612660527229309,"z":0.016956472769379617,"w":-0.963094174861908},"size":0.9866027235984802,"orthographic":false}