{"cameraMode":{"drawMode":0,"name":"Shaded","section":"Shading Mode"},"sceneLighting":false,"audioPlay":false,"sceneViewState":{"showFog":true,"showMaterialUpdate":false,"showSkybox":false,"showFlares":true,"showImageEffects":true,"showParticleSystems":true,"showVisualEffectGraphs":true,"m_FxEnabled":true},"in2DMode":false,"pivot":{"x":0.03370809555053711,"y":-0.4403645992279053,"z":2.2382097244262697},"rotation":{"x":0.1185239851474762,"y":0.010735774412751198,"z":-0.0012790504842996598,"w":0.9929001927375794},"size":2.018587827682495,"orthographic":false}